bike_ID,bike_status,bike_lat,bike_long
1,unlocked,14.65070063,121.060197
2,broken,14.65049995,121.060049
3,locked,14.64939964,121.074031
4,unlocked,14.65050025,121.07
5,locked,14.64929958,121.062
6,unlocked,14.65020006,121.063
7,locked,14.6507,121.062
8,unlocked,14.64970003,121.06
9,locked,14.65010003,121.065
10,unlocked,14.65070063,121.066
11,locked,14.65050015,121.069
12,broken,14.65,121.069
13,locked,14.6495996,121.068
14,unlocked,14.6493,121.066
15,locked,14.65070056,121.06
