bike_ID,bike_status,bike_lat,bike_long
1,unlocked,14.6473235,121.060197
2,broken,14.657905,121.060049
3,locked,14.657576,121.074031
4,unlocked,14.648329,121.07419
5,locked,14.65184,121.07439
6,unlocked,14.66309,121.07539
7,locked,14.64333,121.0874
8,unlocked,14.64411,121.01329
9,locked,14.65278,121.06617
10,broken,14.65901,121.02924
11,broken,14.65184,121.07164
12,broken,14.63339,121.0113
13,locked,14.65091,121.08565
14,unlocked,14.65174,121.06121
15,locked,14.63619,121.09284
